eeg_id,seizure_vote,lpd_vote,gpd_vote,lrda_vote,grda_vote,other_vote
3911565283,0.040962040424346924,0.080917127430439,0.0009271051385439932,0.8141919374465942,0.009094039909541607,0.053907811641693115
